{"count":1,"self":843.7413376,"total":3639.7114555999997,"children":{"InitializeActuators":{"count":10,"self":0.0010008,"total":0.0010008,"children":null},"InitializeSensors":{"count":10,"self":0.0020017,"total":0.0020017,"children":null},"AgentSendState":{"count":1275217,"self":85.8549568,"total":363.520717,"children":{"CollectObservations":{"count":2550440,"self":18.277219199999998,"total":18.277219499999998,"children":null},"CollectDiscreteActionMasks":{"count":2550440,"self":16.259166399999998,"total":16.2591659,"children":null},"RequestDecision":{"count":2550440,"self":47.638079999999995,"total":243.12937319999997,"children":{"AgentInfo.ToProto":{"count":2550440,"self":36.3569792,"total":195.4912943,"children":{"GenerateSensorData":{"count":2550440,"self":54.9394432,"total":159.1343143,"children":{"RayPerceptionSensor.Perceive":{"count":2550440,"self":104.1948736,"total":104.1948738,"children":null}}}}}}}}},"DecideAction":{"count":1275217,"self":2392.3705855999997,"total":2392.370513,"children":null},"AgentAct":{"count":1275217,"self":38.908864,"total":39.951754799999996,"children":{"AgentInfo.ToProto":{"count":11705,"self":0.18917309999999998,"total":1.0428905,"children":{"GenerateSensorData":{"count":11705,"self":0.3092066,"total":0.8537174,"children":{"RayPerceptionSensor.Perceive":{"count":11705,"self":0.5445108,"total":0.5445108,"children":null}}}}}}},"AgentInfo.ToProto":{"count":1571,"self":0.027022499999999998,"total":0.1231177,"children":{"GenerateSensorData":{"count":1571,"self":0.031029499999999998,"total":0.096095199999999992,"children":{"RayPerceptionSensor.Perceive":{"count":1571,"self":0.06506569999999999,"total":0.06506569999999999,"children":null}}}}}},"gauges":{"Bow.CumulativeReward":{"count":13276,"max":7.84,"min":-1.06999993,"runningAverage":3.84211564,"value":5.83999968,"weightedAverage":5.154684}},"metadata":{"timer_format_version":"0.1.0","start_time_seconds":"1616607026","unity_version":"2019.4.10f1","command_line_arguments":"C:\\Program Files\\Unity\\Hub\\Editor\\2019.4.10f1\\Editor\\Unity.exe -projectpath C:\/Users\/Karina\/Desktop\/unity\/bow-ml-agents-env -useHub -hubIPC -cloudEnvironment production -hubSessionId b4066d10-8ca3-11eb-a18e-5debf307952a -accessToken GuI_mGhKGhj9m3e5G5xnHl-iNG9C7ZtlMJQXK9-uN0s007f","communication_protocol_version":"1.1.0","com.unity.ml-agents_version":"1.4.0-preview","scene_name":"BowHard","end_time_seconds":"1616610666"}}